{"cameraMode":{"drawMode":0,"name":"Shaded","section":"Shading Mode"},"sceneLighting":true,"audioPlay":false,"sceneViewState":{"m_AlwaysRefresh":false,"showFog":true,"showSkybox":true,"showFlares":true,"showImageEffects":true,"showParticleSystems":true,"showVisualEffectGraphs":true,"m_FxEnabled":true},"in2DMode":false,"pivot":{"x":0.43390917778015139,"y":0.12061166763305664,"z":-0.1968374252319336},"rotation":{"x":0.0014902775874361396,"y":0.9959174990653992,"z":-0.08868110179901123,"w":0.01673315465450287},"size":1.2458399534225464,"orthographic":false}